{
  "project_info": {
    "project_number": "520629318199",
    "firebase_url": "https://babybuy-2200d-default-rtdb.firebaseio.com",
    "project_id": "babybuy-2200d",
    "storage_bucket": "babybuy-2200d.appspot.com"
  },
  "client": [
    {
      "client_info": {
        "mobilesdk_app_id": "1:520629318199:android:f2c6f503909a3fc4e6c5b2",
        "android_client_info": {
          "package_name": "com.example.BabyBuy"
        }
      },
      "oauth_client": [
        {
          "client_id": "520629318199-mi14dnvk7c9ov5bmv9tgmh9fab04n7ie.apps.googleusercontent.com",
          "client_type": 3
        }
      ],
      "api_key": [
        {
          "current_key": "AIzaSyAo7Gy6Xuit5m7NJh_zLvQZ8F7wqQfIBvA"
        }
      ],
      "services": {
        "appinvite_service": {
          "other_platform_oauth_client": [
            {
              "client_id": "520629318199-mi14dnvk7c9ov5bmv9tgmh9fab04n7ie.apps.googleusercontent.com",
              "client_type": 3
            }
          ]
        }
      }
    },
    {
      "client_info": {
        "mobilesdk_app_id": "1:520629318199:android:29c5fd7fbda17623e6c5b2",
        "android_client_info": {
          "package_name": "com.example.babybuy"
        }
      },
      "oauth_client": [
        {
          "client_id": "520629318199-mi14dnvk7c9ov5bmv9tgmh9fab04n7ie.apps.googleusercontent.com",
          "client_type": 3
        }
      ],
      "api_key": [
        {
          "current_key": "AIzaSyAo7Gy6Xuit5m7NJh_zLvQZ8F7wqQfIBvA"
        }
      ],
      "services": {
        "appinvite_service": {
          "other_platform_oauth_client": [
            {
              "client_id": "520629318199-mi14dnvk7c9ov5bmv9tgmh9fab04n7ie.apps.googleusercontent.com",
              "client_type": 3
            }
          ]
        }
      }
    }
  ],
  "configuration_version": "1"
}